# listato-22-01.csv — Tabella delle partizioni per l'S3 con 8 MB di Flash: due partizioni per il firmware (l'OTA del firmware, che il volume ESP32 tratta) e due da 512 KB per il modello, A e B. Il sottotipo 0x40 è un valore libero per uso proprio.

# Name,    Type, SubType, Offset,   Size
nvs,       data, nvs,     0x9000,   0x5000
otadata,   data, ota,     0xe000,   0x2000
app0,      app,  ota_0,   0x10000,  0x300000
app1,      app,  ota_1,   0x310000, 0x300000
modelloA,  data, 0x40,    0x610000, 0x80000
modelloB,  data, 0x40,    0x690000, 0x80000
spiffs,    data, spiffs,  0x710000, 0xE0000
